LotArea,TotalBsmtSF,GarageCars,SalePrice,AGE,TotalArea
12108,1440,0,118000,53,1440
9400,945,0,127500,31,980
1680,672,0,91500,35,1218
8430,1040,0,124000,31,1040
7500,1080,0,141000,4,1080
11841,816,0,118500,17,816
9825,0,0,100000,45,1664
6040,0,0,82000,53,1152
8335,0,0,93000,52,1124
5000,0,0,39300,61,334
6240,0,0,80500,59,912
10800,0,0,106250,108,1294
5600,0,0,55000,80,1092
6120,264,0,60000,73,800
4130,270,0,52000,73,729
7920,319,0,89500,88,1406
5330,420,0,82500,69,708
5900,440,0,85500,83,869
6780,520,0,84500,71,520
9098,528,0,86000,87,605
4270,544,0,79000,76,774
1533,546,0,97000,39,1344
9600,572,0,79000,84,1096
8800,576,0,96500,100,1140
5925,600,0,37900,99,968
1890,630,0,81000,36,630
1491,630,0,75500,38,630
1936,630,0,84500,37,630
1533,630,0,92000,36,630
10106,644,0,127500,68,1355
8410,658,0,81000,96,1184
4388,672,0,87000,77,840
10020,683,0,61000,87,904
6882,684,0,127000,93,1355
5250,684,0,122000,136,2153
3880,686,0,110500,62,866
7082,686,0,160000,90,1928
4118,693,0,52500,65,693
9405,698,0,118000,62,698
7879,720,0,34900,89,720
10800,720,0,135000,57,1192
5350,728,0,76500,70,1306
4456,736,0,113000,89,1452
6300,742,0,128000,94,1484
5520,755,0,104000,97,1858
6342,780,0,94000,135,1020
5687,780,0,135900,96,1716
6130,784,0,109500,84,784
7446,788,0,100000,65,788
8500,793,0,115000,88,1517
8777,796,0,85000,98,796
3636,796,0,55000,86,796
8780,833,0,112000,24,833
8125,858,0,88000,35,858
7207,858,0,116500,52,858
10500,864,0,115000,39,864
5604,864,0,98000,83,864
8248,864,0,67000,94,864
4060,864,0,99900,87,864
5500,882,0,103200,51,882
9000,896,0,136000,35,1792
5586,901,0,79900,88,1198
9400,912,0,139000,39,1824
8525,940,0,130000,97,1964
9320,950,0,128950,51,1225
10712,974,0,93500,16,974
8070,990,0,123600,13,990
13907,996,0,108000,68,996
9000,1006,0,80000,49,1006
6000,1008,0,102000,80,1008
8470,1013,0,85000,94,1013
7000,1117,0,107500,98,1347
8402,1120,0,147000,0,1120
17217,1140,0,84500,0,1140
10800,1200,0,179000,22,1200
8777,1272,0,145900,108,2200
7711,1440,0,150000,30,1440
10896,1440,0,200000,93,2880
18030,1598,0,200500,61,2607
10778,1768,0,136500,42,1768
8000,1800,0,141000,46,1800
10159,1930,3,395192,1,1940
11394,1856,3,394432,0,1856
6371,1358,2,224000,1,1358
13518,1926,3,485000,1,3140
12919,2330,3,611657,1,2364
17423,2216,3,501837,1,2234
4403,1470,2,222000,1,1478
13891,1734,3,582933,1,2822
12704,2042,3,253293,1,2042
12220,2006,3,402861,0,2020
9541,1502,2,233170,0,1502
9187,1766,3,370878,0,1766
8004,832,2,263435,0,1935
12003,774,3,269500,1,1968
3951,612,2,164500,0,1224
3000,612,2,173733,0,1224
8640,1300,2,229456,0,1314
8640,756,2,215200,1,1547
13159,846,2,224500,0,1692
8640,900,2,252678,0,1852
10420,1212,2,186000,1,1212
7862,1218,2,208300,0,1218
10402,1226,3,198900,1,1226
13214,2002,3,378500,2,2018
63887,6110,2,160000,0,5642
8769,1702,3,367294,0,1702
11844,2046,3,372500,1,2046
12444,1932,3,394617,0,1932
13478,1722,3,451950,1,2296
9520,1638,3,293077,1,1646
14587,1498,2,264132,0,1506
12474,1682,3,426000,1,2332
10226,1622,3,295493,1,1630
14948,1452,3,446261,0,2713
12274,1417,2,227680,0,1428
12456,1700,3,337500,3,1718
11478,1704,3,306000,3,1704
15431,3094,3,555000,1,2402
9262,1573,3,287090,1,1578
11932,1580,3,235128,1,1580
5587,1600,2,392500,0,1652
5063,1314,2,207500,2,1314
5001,1314,2,230000,2,1314
11003,1017,3,310000,1,2007
11308,1104,3,335000,1,2184
10800,1034,3,339750,1,2078
9612,1468,3,244600,1,1468
10475,1694,3,245350,2,1694
12898,1620,3,315500,2,1620
9000,1566,2,262500,2,1566
9000,768,2,210000,1,1590
9100,864,1,127500,50,864
8640,1372,2,250580,1,1372
8125,813,2,205950,1,1665
4274,1241,2,199900,1,1241
11639,1428,2,182000,1,1428
14803,2078,3,385000,1,2084
40094,3138,3,184750,0,4676
14230,1566,3,256300,2,1600
10206,1563,3,245000,1,1563
11694,1822,3,314813,0,1828
13891,1710,3,372402,1,1710
9986,1795,3,147000,1,1795
7820,1869,2,318061,0,1869
13286,1698,3,320000,2,1698
10637,1705,3,297000,2,1718
12085,1734,3,318000,0,1734
14450,2121,3,415298,1,2121
10562,1582,3,325624,0,2161
10656,1638,3,248900,1,1646
9588,1482,3,276000,0,2574
12030,1694,3,318000,0,1694
9965,1264,3,383970,0,2696
9416,1726,3,311872,0,1726
9158,1496,2,225000,0,1496
3684,1373,3,174000,2,1555
3635,1386,3,175900,2,1569
6762,1208,2,195400,0,1208
8125,1092,2,241000,3,1550
15256,1485,3,282922,0,1464
7314,1232,2,194500,2,1232
10991,1571,3,239000,0,1571
14598,894,3,214000,1,1933
3922,1258,3,172500,1,1258
3182,1266,2,159895,1,1266
9735,384,2,167500,2,1394
8499,616,2,156932,1,1412
3604,689,2,146000,1,1392
9018,728,2,179540,0,1456
25339,816,2,112000,89,1416
10769,866,2,212000,2,1768
10207,874,2,227875,0,1761
8536,1125,2,155000,1,1125
9000,1184,2,303477,0,2610
11049,1234,2,179900,1,1234
8993,1302,2,176485,0,1302
11175,1316,2,200141,0,1316
8899,1340,2,181134,0,1340
8089,1419,2,392000,0,1419
8925,1466,3,201000,2,1466
9849,1689,3,248328,0,1689
11923,1800,2,239000,2,1800
13891,2076,3,465000,0,2076
13682,1410,3,438780,0,2945
20431,1848,3,437154,1,2728
11065,1085,3,281000,0,1970
13693,2153,3,380000,1,2643
14601,1838,3,315000,3,1838
4750,1573,2,235000,1,1625
12438,1234,3,361919,0,2576
19378,1392,2,320000,1,2462
10182,1660,2,290000,0,1660
10000,1588,3,227000,1,1588
14226,1935,3,395000,1,1973
16259,1249,3,342643,0,2596
14154,1063,3,280000,1,2172
9965,1466,3,424870,1,2828
10652,1494,3,279500,1,1494
14977,1976,3,440000,1,1976
11670,1905,3,320000,1,1905
13173,1652,2,325000,3,1652
11146,1709,3,255500,3,1717
11428,1626,3,250000,1,1634
13501,1623,3,255000,1,1636
8814,1604,2,220000,3,1604
6442,1370,2,202500,1,1370
6240,1324,2,254000,3,1324
14892,1746,3,377500,3,1746
4590,1554,2,209500,1,1554
15306,1732,3,283463,1,1776
7406,1199,2,194000,0,1220
3922,1258,3,194201,1,1402
7200,1262,2,185000,0,1262
11957,1574,3,232000,2,1574
4045,1356,3,246578,0,1500
9037,1476,2,265900,1,1484
14859,1670,3,240000,0,1670
6762,1187,2,206000,4,1208
4251,625,2,164700,1,1250
4017,625,2,171900,2,1250
17104,654,2,179665,0,1496
15578,728,2,172785,0,1456
11103,728,2,155835,1,1456
8125,770,2,197000,0,1576
23257,868,2,274725,0,2021
14054,879,3,219210,0,1863
9245,939,2,213500,1,1797
15611,1079,2,233230,0,1919
9000,1088,3,270000,1,1959
10728,1095,3,266000,0,1939
13072,1158,2,158000,2,1158
8556,1240,3,194000,1,1240
6762,1286,2,193879,0,1294
7200,1293,2,187750,0,1301
9317,1314,2,176432,1,1314
4230,1352,2,208900,1,1352
8760,1391,3,239799,0,1962
11216,1489,2,232600,0,1489
8990,1498,2,204900,0,1498
3982,1520,3,264561,0,1567
11096,1656,3,249700,1,1656
8849,1684,2,266000,3,1684
7658,1752,2,319900,5,1752
14215,1158,3,325300,1,2376
10994,1844,2,257000,4,1844
11924,1175,3,345000,1,2324
7577,1362,2,194700,2,1362
7313,1561,2,277500,2,1561
12665,1094,3,281213,2,2482
11198,1122,3,325000,3,2504
7052,1364,2,185850,1,1364
11210,1614,3,221500,1,1614
11302,1814,3,319000,1,1826
8688,1616,3,232000,1,1616
12182,1541,2,220000,5,1541
11443,1868,3,369900,1,2028
16056,1992,3,556581,1,2868
14157,1922,3,377426,2,1922
10084,1552,3,212900,1,1552
9587,856,2,190000,3,1166
10240,1030,3,275500,1,2098
3013,1362,2,213490,1,1506
5381,1306,2,196000,4,1306
8393,1626,2,145000,47,1712
6792,1368,2,202665,1,1368
6955,1368,2,202500,1,1368
3675,547,2,140000,1,1072
3675,547,2,148000,3,1072
3675,547,2,145000,1,1072
8814,1274,2,203000,2,1274
3010,1248,2,167240,1,1248
3182,1346,2,181000,4,1504
3182,1373,2,192500,4,1555
16158,1530,2,260000,4,1530
3182,1346,2,191000,3,1504
3182,1145,2,160200,4,1145
3180,600,2,151000,1,1120
3180,600,2,144152,1,1120
2544,600,2,147400,1,1143
8520,624,2,105900,82,720
12354,684,2,110000,89,1196
11911,684,2,174000,4,1560
8461,728,2,163990,1,1456
8199,728,2,189000,3,1456
8029,728,2,176000,3,1456
21930,732,2,192140,1,1838
8633,738,2,173500,4,1476
12589,742,2,174000,4,1484
8846,750,2,173900,1,1500
8125,756,2,186500,1,1553
10237,783,2,178900,2,1484
9803,866,2,226700,3,1768
10463,893,3,239900,1,1801
7200,900,2,134800,59,900
10625,1026,3,250000,3,1958
10574,1082,3,252000,4,1953
7024,1090,2,157000,2,1090
9675,1113,2,253000,4,1971
7024,1132,2,176000,3,1132
13072,1141,2,142500,1,1141
3316,1247,2,197000,1,1247
7500,1257,2,176000,1,1266
8767,1310,2,164990,1,1310
10237,1316,2,169990,1,1316
11645,1734,2,260000,1,1734
20896,2077,3,423000,1,2097
12099,1136,3,354000,3,2468
16033,1833,3,326000,2,1850
9591,1143,3,317000,3,2473
8450,1436,2,210000,4,1436
9591,1713,3,274900,5,1713
10386,2000,3,305900,3,2000
8834,1462,3,350000,5,2224
8487,1500,2,190000,5,1500
4438,848,2,149000,4,848
10084,1686,2,307000,3,1694
3842,1594,2,275000,4,1646
4426,848,2,143000,6,848
4438,848,2,144500,4,848
4435,848,2,155900,2,848
10171,1517,2,214000,6,1535
4426,848,2,141000,4,848
4426,848,2,149300,4,848
8198,1358,2,207000,4,1358
13418,1117,3,309000,2,2452
3363,976,2,130000,2,1708
8400,1473,2,213000,6,1484
12118,1710,2,240000,5,1710
8500,1422,2,179600,3,1422
8773,1414,2,185500,6,1414
16737,1980,3,315000,2,1980
2522,970,2,130000,2,1709
2522,970,2,130000,2,1709
2522,970,2,137500,2,1709
11362,1836,3,280000,5,1836
3072,1375,2,178740,2,1414
3182,1256,2,192000,6,1269
5105,551,2,148800,3,1102
3182,600,2,151000,6,1200
9056,707,2,178000,2,1414
7795,716,2,188500,5,1432
8320,770,2,185900,4,1582
15384,788,2,184000,4,1490
8366,798,2,173000,4,1640
7415,839,2,193000,4,1593
8244,840,2,183500,3,1720
12393,847,2,195000,2,1948
11796,847,2,215000,3,1959
11645,860,2,196500,2,1720
9313,864,2,190000,5,1728
10142,956,2,233000,6,2084
12552,991,2,254900,6,1947
13695,1114,2,159000,4,1114
13695,1114,2,155000,5,1114
7500,1221,2,185000,5,1221
4282,1391,2,196000,4,1391
14572,1530,3,259000,3,1530
11143,1580,2,340000,3,2466
9100,1860,2,216837,2,1836
10083,1176,2,184900,6,1200
13472,2392,3,386250,6,2392
9375,1053,2,250000,5,1992
13688,1572,3,412500,5,2668
53504,1650,3,538000,7,3279
11846,1792,3,374000,3,1792
7301,0,2,198500,6,1922
12677,1518,2,274000,5,1518
9590,868,2,187500,4,1146
11999,1181,3,285000,4,2374
10655,3206,3,284000,6,1629
10625,998,3,284000,5,2046
10927,1058,2,275000,1,1904
8158,884,2,224900,5,1768
12244,1482,3,305000,5,2262
9548,941,2,237000,7,1829
8450,856,2,208500,5,1710
10635,1657,2,232000,7,1668
4435,848,2,140000,6,848
4435,848,2,131500,4,848
4435,848,2,144000,6,848
4435,848,2,136500,5,848
10665,1453,2,226000,4,1479
3136,1405,2,171750,3,1405
9135,1682,2,200000,3,1700
2448,764,2,154000,5,1626
2268,764,2,173000,6,1626
2628,764,2,175500,7,1626
11317,840,2,180000,4,1668
6931,746,2,165400,5,1656
3196,1273,2,215000,3,1456
3196,1374,2,234000,3,1557
10800,482,2,163000,103,1912
7750,660,2,162000,4,1320
8064,672,2,122900,58,924
8730,698,1,153575,92,1396
6000,735,2,131000,66,1218
7875,783,2,180000,3,1509
7226,798,2,183000,5,1640
12394,847,2,225000,4,1733
8200,847,2,219500,4,1928
8791,864,2,207500,5,1728
9375,912,2,263000,6,2094
8546,1121,2,140000,7,1121
8450,1337,2,185000,4,1337
11426,1362,2,200000,5,2082
12822,1434,2,239686,6,2149
18386,1470,3,295000,128,3493
9196,1560,2,201000,7,1560
12378,1896,3,360000,3,1944
7851,860,2,216500,8,1960
9473,1128,2,237000,6,2031
14331,1800,3,312500,4,1800
8125,1654,3,230000,4,1654
9742,1777,2,230000,6,1795
14536,1616,3,270000,5,1629
11248,1626,3,285000,5,1668
11367,1065,2,255000,4,1989
9375,1284,2,228500,5,2169
13265,1568,3,271000,6,1689
14006,936,2,192500,4,1776
9135,1536,2,214000,6,1536
9808,1573,2,227000,7,1573
8749,1459,2,192000,5,1459
12803,1494,2,221000,6,1494
8935,831,2,195000,7,1660
10624,1728,1,119000,43,1728
11316,817,2,214900,8,1894
8777,0,2,108000,60,1126
7750,408,2,184100,7,1419
7861,783,2,183200,4,1509
5890,816,1,120500,78,816
13450,916,2,200000,4,1861
14191,967,2,202900,8,1908
8068,1010,2,200000,7,2267
11250,1128,2,255900,6,2290
11400,2633,3,466500,6,2633
11423,1581,2,272000,9,1601
9240,1055,2,287000,7,2263
9505,884,2,222500,9,2035
14781,1753,3,275000,5,1787
12435,963,2,231500,7,1792
11250,920,2,223500,7,1786
13704,1541,3,205000,5,1541
6853,1267,2,220000,8,1296
11885,1299,2,261500,8,1872
12209,804,2,215000,8,1961
8400,810,2,227000,8,1665
12420,944,2,230000,8,1840
7050,1057,2,226000,6,1929
9100,1212,2,178000,8,1212
4920,1338,2,213500,9,1338
16285,1413,2,187100,8,1430
8529,1454,2,189000,8,1434
4923,1593,2,286000,7,1593
11838,1753,2,236500,8,1788
2117,756,2,168500,7,1512
2117,756,2,177000,7,1525
14260,1145,3,250000,8,2198
10261,936,2,186500,8,1792
9100,1525,2,235000,6,1525
2117,756,2,177500,10,1573
11050,1440,3,313000,9,2153
9750,1630,2,213000,9,1630
8450,1349,2,179000,7,1349
11000,969,3,248000,7,2285
12224,992,2,244000,9,2054
11194,1406,2,230500,6,1936
8123,982,2,179000,9,1800
7750,384,2,180000,10,1430
9967,384,2,170000,7,1430
2651,673,2,165000,6,1382
7500,814,2,216000,10,1674
8520,910,2,166000,58,1385
8063,924,2,181000,7,1690
8795,952,2,236000,9,2256
8121,953,2,172400,6,1664
10852,959,2,173000,6,1671
8072,990,2,138000,15,990
10316,992,3,235000,8,1865
12464,1040,2,152000,13,1040
5330,1494,2,251000,7,1652
5664,1501,2,278000,9,1659
3230,729,2,176000,8,1458
3230,729,2,172500,10,1471
9430,1252,3,337000,10,2365
2645,776,2,174000,8,1441
2645,970,2,172500,10,1739
4500,1224,2,165000,10,1224
2280,744,2,179400,9,1501
11764,1152,3,290000,11,2270
10762,978,2,225000,10,1983
9066,1004,3,230000,9,1852
8738,975,2,230000,7,2291
8755,992,2,214000,10,2060
3735,691,2,183900,7,1452
2160,600,2,160000,9,1252
10335,1490,2,204000,10,1501
10264,1588,2,214000,7,1588
14774,1393,3,333168,11,2599
9179,873,2,193000,9,1790
9382,1468,2,191000,9,1479
5119,1698,2,328900,9,1709
7630,360,2,140000,110,1812
2572,696,2,155000,11,1416
6000,698,2,134900,72,1176
24682,841,2,181000,10,1675
9450,894,2,110000,53,894
7917,953,2,175000,8,1647
7500,994,2,189000,11,1804
9525,1099,1,144000,13,1099
14175,1188,2,168000,50,1437
9017,1431,2,192000,10,1431
12203,1225,3,336000,11,2612
16545,1284,3,340000,11,2450
12090,1141,2,258000,8,2263
9375,1057,2,219500,12,2034
12011,1086,2,280000,8,1924
9200,1470,3,315000,10,2630
4500,1237,2,153500,8,1337
12137,1649,2,224900,12,1661
4500,1204,2,162000,11,1204
11404,1153,2,222500,10,2031
4058,723,1,133000,9,767
8750,804,2,200500,12,1682
4500,1216,2,164000,8,1216
8973,1008,2,150000,48,1053
10141,832,2,185000,11,1718
16770,1195,2,221000,12,1839
9842,612,2,189000,87,2601
10410,672,3,105000,91,1214
9550,756,3,140000,91,1717
9531,794,2,211000,9,1796
10400,866,2,197900,11,1779
8846,870,2,148000,10,914
8924,880,2,188000,10,1724
11214,930,2,199900,8,1886
9084,935,2,176500,8,1632
9042,943,2,192000,10,1638
16226,1028,2,267000,9,2452
9750,1108,2,274300,8,2097
4060,1405,2,181000,10,1337
16196,1482,2,215000,9,1494
10140,1650,2,213250,11,1680
7399,975,2,239000,10,1950
9452,1396,3,348000,9,2392
13006,964,2,222000,9,2236
13125,1478,2,208900,11,1493
7060,1344,4,206300,11,1344
12886,520,2,175000,46,1464
12798,616,2,200000,11,1688
11414,728,2,167500,99,2019
13869,794,2,177000,10,1470
6204,795,1,118500,94,1749
11207,802,2,185000,9,1511
9337,824,2,204750,10,1786
8773,916,2,169000,10,1600
10839,926,2,181000,11,1604
15426,928,2,231500,12,1764
6000,960,1,108500,87,960
9830,1063,2,162000,51,1287
9920,1117,2,269790,11,2013
9236,1479,2,217000,9,1494
10208,1264,3,265000,13,2344
11787,1379,3,315750,11,2398
14720,2033,3,410000,15,3238
10593,1720,2,260400,14,1720
11883,1504,2,203000,13,1504
9303,872,2,204000,11,1756
10800,718,2,159500,117,2554
21872,729,2,175000,12,1446
10667,799,2,212000,13,1661
8740,840,2,137000,27,860
8750,880,2,191000,13,1716
8480,970,2,132500,44,970
13568,990,2,156000,11,990
9245,990,2,145000,14,990
8775,990,1,126000,13,990
9600,1067,2,128000,60,1067
14963,1260,2,245500,12,1288
2887,1291,2,173000,12,1291
14000,1306,2,328000,14,2260
15623,2396,3,745000,11,4476
35760,1930,3,625000,11,3627
10437,2109,3,350000,13,2113
12257,1318,3,290000,12,2531
15138,1462,3,403000,14,2794
10000,1220,2,240000,12,2090
5925,907,2,89471,70,1131
9950,1203,3,290000,12,2520
7875,1237,2,176000,12,1253
8530,384,2,168500,14,1474
13031,691,2,187500,11,1498
8000,773,2,188000,13,1658
10364,806,2,168000,12,1572
6120,927,2,141500,73,1539
10859,1097,2,145000,15,1097
9828,1128,2,239500,14,2020
11249,1200,2,177500,12,1200
9549,1494,2,270000,11,1494
5389,1595,2,236500,15,1616
21535,2444,3,755000,13,4316
14303,1986,2,301500,14,1987
46589,1629,3,402000,15,2448
10944,1223,2,271000,14,2127
10120,1165,3,290000,12,2526
12256,1463,2,325000,16,2622
8963,1142,2,299800,32,2715
8125,1408,2,193500,14,1679
8462,928,2,201000,13,1721
11040,637,1,108000,86,1336
8125,702,2,174000,15,1481
10832,712,2,194500,14,1895
8120,864,2,124500,39,864
18000,894,3,81000,73,894
8750,915,2,210000,14,1908
8880,948,2,205000,16,2110
29959,973,2,248000,15,1850
12461,1624,3,262000,12,1624
10542,1311,3,341000,15,2418
9900,1347,3,260000,16,2646
9938,1050,2,236000,17,1949
9317,740,2,213000,16,1775
9554,777,2,215000,13,1911
9291,832,2,187000,15,1710
7685,697,2,165600,13,1501
14778,1296,2,224000,54,1640
9765,680,2,185000,16,1470
11526,588,2,191000,86,2171
14115,796,2,143000,16,1362
7837,799,2,178000,16,1571
9636,808,2,178000,17,1593
9453,996,2,194500,17,1744
11228,1080,3,228000,15,2097
22950,1107,3,475000,114,3036
7892,1199,2,153900,15,1199
9991,1281,2,150000,33,1620
5395,1337,2,180000,15,1337
14541,1338,3,310000,13,2520
8012,1604,2,193000,15,1617
10846,1719,2,324000,15,1719
10678,1683,2,285000,15,2872
8872,912,2,147000,43,912
9125,384,2,163900,15,1482
9248,1158,2,173000,17,1167
10186,750,2,190000,18,1923
7153,761,2,175900,14,1603
10041,908,2,220000,14,1915
9069,936,2,147000,18,996
11218,1055,2,189000,18,1845
13346,1095,2,268000,14,2295
8012,1575,2,179200,15,1575
53107,1580,2,240000,15,1953
12692,3200,2,430000,15,3228
19296,1362,2,176000,47,1382
16059,1288,2,260000,15,2417
1680,630,1,112000,38,1302
7153,1278,2,179200,17,1294
10784,384,2,160000,16,1472
17120,0,2,134432,49,1588
12358,720,2,128500,66,854
6120,832,2,132000,78,854
13125,1104,3,238000,16,2127
9572,1453,2,302000,17,2810
13474,700,3,225000,17,2243
14684,2158,3,271900,19,2196
13758,1156,2,187500,17,1717
11839,1475,2,262280,18,2329
8049,1309,2,180000,16,1339
4280,440,1,90350,94,694
10300,576,2,140000,89,1710
4400,648,2,116000,86,1118
8400,814,1,129000,41,913
10357,910,2,179900,17,1442
11029,1184,2,176500,50,1414
9947,1188,2,173000,19,1217
11170,1216,2,250000,16,2514
11851,1424,2,180500,19,1442
12376,1673,3,320000,20,3222
11287,807,2,228500,18,1982
26178,1210,2,335000,17,2519
12800,1518,2,275000,20,1644
10200,1086,2,144900,56,1086
11070,1907,3,171000,18,1959
7200,596,2,157000,86,1762
7180,864,1,127000,36,864
10500,864,2,97000,38,864
6960,864,2,120500,39,864
12508,983,1,160000,68,1750
10029,1151,2,211000,19,2060
21695,880,2,222000,21,1680
10200,1461,2,175000,20,1509
13837,1204,3,229000,18,2183
14364,1157,2,277000,19,2062
10400,1845,2,241500,18,1872
10421,980,2,196500,22,1714
12134,559,2,164000,22,1752
9100,742,1,79500,78,779
8445,768,2,133000,37,768
7350,952,2,139000,57,952
4671,1228,2,189000,20,1228
13500,1237,2,325000,115,2775
11457,1392,2,175000,21,1412
7917,1143,1,148000,31,1113
10380,1502,2,301000,21,2730
1869,483,1,106000,38,987
13101,1728,2,142600,43,1728
13811,1112,2,176000,19,1137
8544,0,2,92900,59,1040
7244,768,2,129500,37,768
7599,845,2,129500,25,845
5306,1064,2,239000,19,1767
3696,1074,2,170000,21,1088
11782,1109,2,148000,49,1155
7064,980,2,135000,32,980
12416,1606,2,184000,22,1651
20544,791,2,215000,22,2093
7438,504,2,127000,98,1252
9672,1040,2,152000,26,1097
5271,1453,2,190000,20,1453
9206,741,2,178000,25,1732
11200,1298,2,180000,21,1298
5362,661,2,139000,97,1250
6240,816,2,114500,72,816
6600,816,2,138000,26,816
9600,845,2,135000,58,893
7200,894,2,123000,37,894
6600,994,1,107500,117,2372
6820,1488,2,212000,25,1502
6563,1742,2,275000,21,1742
12090,585,2,178000,23,1868
7175,744,1,125000,26,752
6951,876,1,119500,24,923
7937,1003,2,142500,22,1003
5062,1190,2,207500,23,2090
14145,1208,2,202500,22,1621
5814,1220,2,187500,25,1360
11120,1232,2,162500,24,1232
13005,845,2,260000,29,2353
10440,650,2,157500,104,1539
9180,840,2,144000,24,884
7252,858,2,134900,27,858
8885,864,2,131000,23,902
9187,1084,2,134000,24,1080
12327,1496,2,316600,26,2132
14100,728,3,381000,73,3447
5700,572,1,116900,82,1111
8314,816,1,124500,25,816
6600,816,1,130500,26,816
16669,1686,2,228000,25,1707
12546,1440,2,182900,26,1440
12090,1422,2,175500,27,1422
6000,649,1,120000,59,1183
7990,924,1,110000,33,924
10970,940,2,147000,30,1026
9758,950,1,119500,36,950
7804,1122,2,135000,81,1981
50271,1842,3,385000,25,1842
9600,2524,2,278000,28,2524
14115,1372,2,187500,29,1472
7200,936,2,140000,27,936
10240,1686,2,207500,26,1686
8400,650,2,171000,30,1564
1300,561,2,124000,29,1229
10762,626,1,120000,29,1217
7500,698,2,68400,90,1128
1950,716,2,151000,28,1556
12735,864,2,111250,36,864
7200,864,2,129000,57,864
7700,882,2,112500,35,882
8012,923,1,143000,30,923
7763,931,2,140000,46,1283
6979,1056,2,144000,30,1056
10125,1196,2,171500,31,1279
7018,1086,2,153337,30,1224
11584,539,2,197000,28,1725
7018,0,2,118964,30,1535
7018,0,2,118858,30,1535
14762,0,2,169000,58,2267
7018,0,2,142953,30,2240
6060,732,1,100000,68,1123
9000,780,1,141000,70,1375
7800,828,1,119900,41,965
7340,858,1,110000,36,858
7892,918,1,99500,31,918
7032,943,2,135960,27,943
10530,981,2,143250,36,981
23595,1332,2,260000,31,1524
17043,1362,2,181000,30,1586
11616,672,2,158900,32,1386
10395,1032,2,148000,29,1032
11880,1271,2,157000,31,1601
7844,672,2,149500,28,1400
16692,1392,2,250000,28,2784
13175,1542,2,210000,32,2073
9101,1097,2,165500,31,1110
11184,918,2,172500,31,1683
7000,864,1,136500,31,864
8471,506,2,151000,29,1212
8930,0,2,112000,32,1902
2289,855,2,148500,31,1441
2280,855,2,146000,32,1456
8405,861,1,119000,108,1367
6240,884,1,127500,76,1367
7540,888,2,156000,29,912
7264,952,2,205000,84,1548
9286,1268,1,143500,32,1268
16157,1360,2,194000,29,1432
11275,854,2,220000,75,1991
11751,1844,2,190000,33,1844
12984,1430,2,217500,29,1647
12227,1330,2,272000,31,2872
9650,1350,2,167900,32,1334
8400,0,2,144000,30,2020
10005,1160,2,192000,31,2022
7200,1041,1,125000,33,1125
8385,985,1,149900,31,985
11900,1386,2,82500,32,1411
9230,864,2,146000,41,1200
10900,689,1,161750,33,1392
8197,660,2,143500,30,1285
7950,690,2,159500,32,1426
16635,1602,2,215000,32,1602
10530,975,2,135000,29,1004
16659,795,2,235000,29,2263
10603,1610,2,205000,33,1610
18890,1361,2,190000,30,2620
10125,0,2,126000,32,1734
2665,757,1,127000,29,1475
11952,808,2,190000,30,1969
9200,938,1,130250,33,938
10998,984,2,117000,68,1604
10434,1005,2,115000,54,1005
8800,1040,2,150500,32,1040
7420,1057,2,132000,45,1057
4043,1069,2,140000,31,1069
4043,1069,2,127500,33,1069
4928,1078,2,128000,31,958
9880,1096,1,171000,31,1118
15611,1126,2,175000,31,1126
17400,1126,2,160000,29,1126
11250,1208,2,165000,29,1208
9819,1567,2,196000,32,1567
10480,803,2,205000,32,1964
9600,528,2,187000,31,1855
12328,1012,3,169900,34,1034
12046,848,2,195000,31,2030
13517,725,2,130500,34,1479
12384,793,2,197900,31,1935
10400,1090,2,152000,33,1370
11500,1680,2,136905,31,1680
11361,1193,2,180000,32,1523
18800,796,2,190000,30,1574
10304,780,2,197500,33,1868
2665,264,1,115000,32,1304
2592,536,1,85000,34,1112
2308,804,2,155000,31,1548
10140,832,2,162900,30,1664
2280,855,2,148500,33,1456
10650,894,1,128200,34,894
10780,911,2,132500,30,954
4928,958,2,143750,33,958
7819,1029,2,107000,34,1117
11333,1029,2,146800,31,1062
4224,1040,2,129900,31,1060
6000,1103,2,110500,81,1103
4224,1142,2,134000,31,1142
9600,1262,2,181500,31,1262
10768,1437,2,218000,31,1437
15498,1565,2,287000,32,2898
9297,1728,2,188000,30,1728
12640,1728,2,150900,30,1728
32668,2035,2,200624,50,2515
32463,1249,4,168000,46,1622
11475,713,2,179900,31,1552
9800,894,2,149900,34,894
10356,969,2,122000,32,969
10140,1056,2,153500,31,1074
10010,1389,2,170000,32,1389
16647,1390,2,171000,32,1701
70761,1533,2,280000,31,1533
9120,901,2,185000,34,1876
10140,1064,2,165000,35,1350
10140,1040,2,181000,32,1309
10625,1053,2,170000,36,1173
8892,1065,2,126500,47,1065
11235,1051,2,148000,43,1382
7200,768,1,133900,37,768
2308,855,2,147000,35,1322
8294,858,4,123000,36,872
13350,864,2,142500,32,894
9000,864,2,120500,36,864
8521,912,1,125000,43,912
5500,926,2,130000,81,926
6000,936,2,93000,56,936
7388,1063,2,150750,48,1327
10012,1138,2,137500,36,1181
17542,1192,2,294000,33,2167
10800,1522,2,240000,34,2614
13651,2223,2,244000,34,2223
9246,1656,2,135000,35,1656
1953,483,1,83000,33,987
9600,1242,2,175500,34,1242
1890,672,1,113000,34,1218
10382,1107,2,200000,36,2090
1680,483,1,100000,35,987
8750,1002,2,148500,39,1002
1596,462,1,91000,36,988
1974,546,1,83500,37,1092
7200,780,1,124900,36,780
8450,894,1,138500,45,894
3964,942,2,151400,33,2521
10000,1176,2,157000,35,1178
1680,483,1,118000,37,987
10448,689,2,158000,37,2119
1680,483,1,94500,34,987
10400,732,2,165150,34,1790
1680,672,1,118000,34,1218
1680,630,1,119500,37,1302
7472,725,2,184000,35,1479
12936,723,2,162000,37,1395
15523,864,1,133500,37,864
9353,864,1,116050,36,864
9560,864,1,128500,34,864
8731,915,2,144000,87,1167
9360,1161,2,197500,38,1381
13860,1952,2,345000,37,2704
1680,483,1,89500,37,987
1680,525,1,88000,39,1092
1920,765,2,122500,36,1365
115149,1643,2,302000,36,1824
14803,825,2,190000,35,1993
1680,483,1,85400,37,987
11040,1258,2,145000,37,1258
10500,372,1,139000,36,1109
8816,1010,2,155000,39,1052
7200,560,2,155000,73,1135
11340,777,2,122500,125,2290
12537,1078,2,149900,39,1078
12243,1484,2,175000,36,1484
11717,1442,2,185000,39,1442
2368,765,2,125000,39,1365
2016,630,2,106000,37,1302
10400,1304,2,174000,38,1682
19900,1947,2,180000,40,2207
11241,1004,2,149000,40,1004
9873,960,2,129000,36,960
2001,546,1,75000,37,1092
9819,882,1,122000,43,900
2217,546,1,88000,39,1092
1526,630,1,86000,39,630
1477,630,1,80000,39,630
15863,824,2,197000,89,2685
10800,954,2,160000,106,2414
9503,1024,1,144000,49,1344
10800,1120,2,120000,86,1130
12925,1205,2,237500,38,2117
10628,1277,2,167000,37,1277
12155,1657,2,163500,37,1657
15865,2217,2,268000,37,2217
11643,1248,4,200000,40,2634
16381,1844,2,223000,37,1844
10793,780,2,152000,38,1620
11075,784,2,172000,39,1968
11606,1040,2,135000,38,2080
9600,1164,2,140000,37,1164
9364,663,1,158000,41,1352
9638,804,1,169000,91,2447
21453,938,2,180000,37,988
11075,952,2,206900,39,2112
9920,971,1,128500,37,971
7930,1026,2,156000,40,1026
9750,1054,2,151000,39,1054
15870,1096,1,138800,37,1096
12900,1198,2,108959,39,1258
13000,896,1,193500,41,2142
11700,708,2,179900,38,1416
11700,702,2,175000,39,1743
9900,832,2,176000,40,1978
11029,1054,2,250000,38,2654
13560,1392,2,110000,41,1392
11553,1051,1,158000,38,1159
8400,1052,1,138500,38,1052
10192,570,2,170000,38,1920
11475,1584,3,110000,51,1776
11700,727,2,154000,41,1556
4500,793,1,159434,77,1520
9858,864,1,130000,41,874
8724,894,2,129000,39,894
8978,948,1,108000,39,948
8250,952,1,134000,40,1211
8712,992,1,153000,52,1306
8450,1056,1,142000,42,1056
8246,1060,1,154000,42,1060
5400,1073,1,108480,85,1073
25095,1437,1,143000,41,1473
10335,1461,2,180000,38,1721
9937,1486,2,167000,45,1486
9156,1489,2,185750,41,1489
20781,1568,2,262500,38,2156
11160,2110,2,244000,42,2110
17871,1680,2,197900,42,1724
10355,1214,1,143000,40,1214
7800,864,1,130000,42,899
6173,876,1,125500,40,902
7150,892,1,100000,42,892
10791,0,2,90000,39,1296
7200,0,1,107500,55,827
5400,840,1,105000,89,1374
7838,864,1,123000,39,900
9764,894,2,130000,41,894
9750,980,1,135500,39,980
28698,1013,2,185000,42,2126
9790,1372,2,161500,42,1342
8944,1584,3,124000,42,1584
25000,1632,2,143000,40,1632
13400,1024,2,159950,40,1086
7700,756,2,155000,44,1839
14200,924,2,226000,40,2157
7590,660,2,155000,40,1348
9130,800,2,173000,42,1632
11000,1154,2,154000,43,1154
9020,1127,2,174900,42,1165
12205,832,2,187500,41,2087
11777,1164,2,164500,40,1320
9477,864,1,110000,42,892
7162,876,1,109900,42,904
10440,440,2,110000,99,1230
7740,622,2,125500,100,1363
19690,697,2,274970,40,2201
6900,740,1,120500,68,778
57200,747,2,160000,62,1687
7094,894,1,125000,41,894
7742,955,1,127000,41,955
8900,1056,1,107000,40,1056
8544,1228,1,149350,42,1228
16492,1517,2,190000,44,1888
13700,864,2,201800,43,1820
13600,768,2,205000,44,1986
10289,1073,2,156000,42,1073
13526,935,1,137000,41,935
18450,1021,2,129000,42,2380
8658,1088,2,160000,41,1324
10921,960,1,94750,42,960
10246,648,1,145000,41,960
5232,680,2,73000,83,764
9738,784,1,104900,82,1221
8281,864,1,62383,44,864
9100,925,1,117500,44,925
11625,1039,2,131500,45,1039
11200,1040,1,129500,43,1040
9200,1136,1,140000,43,1136
6911,1145,2,100000,85,1301
9170,1214,2,140000,42,1214
9350,1219,2,179900,43,1265
9937,1256,1,147500,43,1256
164660,1499,2,228950,43,1786
215245,2136,2,375000,44,2036
36500,1624,2,190000,42,1582
8800,1251,1,160000,42,1251
9760,780,2,167900,44,1611
9760,822,2,187000,43,1851
9500,816,2,165000,43,1977
10175,1425,2,180500,44,1425
8250,1092,2,145000,44,1092
9020,1248,2,168500,44,1350
10004,1516,2,167000,45,1516
12095,1127,2,158000,45,1445
9350,1302,1,158000,43,1302
14112,1152,2,180500,46,1152
10690,672,1,147000,89,1344
8712,859,1,102776,110,1178
9100,864,2,129900,48,864
8593,907,1,109008,51,907
7800,912,1,115000,42,912
7931,1269,1,155000,48,1269
9790,1328,2,143000,47,1328
7056,780,2,140000,45,1796
9100,1728,2,125000,43,1728
9500,1394,2,159000,46,1394
35133,1572,3,186700,44,1572
8800,936,2,137500,47,1054
8700,1120,2,155000,45,1128
9945,988,2,128500,46,988
8472,816,2,110000,47,816
8235,825,2,125000,53,825
7758,999,1,132500,45,999
7500,1040,1,133000,47,1040
8414,1059,1,154500,43,1068
25286,1064,2,132250,44,1040
8820,1088,2,124900,119,1749
8816,1121,2,139000,46,1121
9247,858,2,171000,46,1716
9150,1099,1,165000,46,1431
7590,864,1,169500,45,1812
10000,1116,2,160000,48,1116
8400,1319,2,174000,46,1537
26142,1188,1,157900,48,1188
7728,1106,2,132500,44,1190
11616,1092,1,139000,47,1092
9842,0,2,101800,45,1224
7134,384,2,130000,52,1360
6240,780,2,103000,84,848
7227,832,2,105500,54,832
6600,894,1,109500,47,894
12968,912,1,144000,46,912
6768,912,1,142000,47,912
9786,912,2,159000,44,1734
10930,913,1,140000,63,1558
10205,925,1,134500,44,999
6897,1040,1,127000,48,1040
13673,1140,1,143900,45,1696
9204,1144,1,124000,45,1144
10197,1362,2,163000,47,1362
11275,710,2,242000,43,2978
12122,944,2,178400,47,999
8500,1235,2,98600,45,1235
7943,1029,1,118500,46,1029
7875,1144,2,139950,47,1144
10800,686,1,139000,95,1652
10267,816,1,130000,90,838
12342,861,2,82500,69,861
10000,864,1,131400,48,1144
6993,912,1,135000,45,1236
6970,1040,2,129000,46,1120
10659,1050,1,136500,45,1050
11600,1105,2,154300,50,2274
9300,1268,2,167500,50,1264
10721,1252,2,142000,49,1252
10920,1253,1,157000,48,1253
11600,1383,1,145250,46,1383
31770,1080,2,215000,50,1656
14585,1144,2,181900,47,1429
21750,0,2,115000,49,1771
7000,1010,1,135000,47,1134
17600,1478,2,157500,49,1478
27650,585,2,242000,48,2069
15576,840,1,177000,93,1680
6000,884,1,117000,84,1348
10120,925,1,122000,97,1889
12772,958,1,151500,47,958
12342,978,1,139900,47,1422
7910,1075,1,127000,48,1507
12493,1100,1,141000,48,1100
13500,1602,2,235000,48,1252
8760,1194,1,148000,51,1194
7332,864,1,120000,47,864
12160,1188,2,142000,51,1188
9600,1041,1,124500,50,1041
17755,1466,2,149900,47,1466
8163,1144,1,143000,47,1144
11512,1019,1,177000,49,1357
10007,1053,1,145500,49,1053
8339,0,1,106500,48,882
7560,1040,1,133700,47,1040
7931,1148,1,132500,50,1148
7945,1150,1,141000,47,1150
7500,1246,1,154000,51,1246
16905,1350,1,170000,48,1328
10552,1398,2,165500,51,1700
15602,1501,2,289000,51,1801
17500,1902,2,335000,51,1902
14375,819,2,137500,51,1344
159000,1444,2,277000,49,2144
9750,1442,1,157900,49,1442
9600,1240,1,139000,51,1632
11344,874,1,144000,49,1524
12400,1215,1,155000,51,1215
9464,1080,1,136000,50,1080
6930,1062,1,130000,48,1352
10382,588,1,140000,48,1095
10482,588,1,145000,49,1138
10150,912,1,114500,49,912
9000,480,1,35311,57,480
13825,533,1,140000,50,1601
8877,816,1,100000,71,816
7535,912,1,120000,49,912
8172,941,1,135000,54,1470
7560,1029,1,139000,51,1339
13650,1052,2,172500,48,1920
8176,1056,1,139000,49,1056
9120,1261,2,163000,50,1261
9571,1276,1,60000,51,1276
11900,1392,2,166000,51,1392
11341,1392,2,121500,53,1392
8562,1216,1,144500,53,1526
14442,1477,2,257500,50,1839
9060,0,1,120000,50,1340
13125,1134,2,155000,49,1803
10011,1070,1,134450,49,1236
11500,0,1,84000,52,845
7100,816,1,129900,49,816
8172,864,2,115000,51,864
7407,912,2,149700,53,1236
9439,912,1,87000,77,1248
6000,928,1,112500,51,928
14850,1092,1,141000,49,1092
11250,1104,1,161500,52,1788
4800,1196,2,109900,91,1196
11988,1244,1,150000,50,1244
8400,1314,1,145000,53,1314
8400,1478,2,156500,52,1478
16321,1484,1,207500,49,1600
10152,1048,1,135000,51,1048
9000,1196,1,139000,52,1196
7200,0,2,90000,60,1040
10206,0,2,82000,57,944
12702,0,1,97000,52,882
8926,672,1,112000,53,960
13300,928,1,132000,51,928
5868,936,1,129000,54,936
8190,948,1,119000,53,948
8475,952,1,135750,52,952
7200,1022,1,85000,99,1022
9600,1050,1,128900,53,1050
14115,1073,2,230000,50,1811
17140,1134,1,135000,53,1229
9571,1144,1,129000,54,1144
9855,1436,2,127500,53,1689
9600,1156,1,153000,55,1520
7390,1098,1,135000,53,1098
13680,0,2,139600,54,1733
6627,0,1,72500,59,720
8248,686,1,116000,88,1250
16466,816,1,135500,53,1393
5400,833,1,117000,52,833
9600,992,1,165500,53,1661
34650,1056,2,145000,51,1056
5820,1162,1,126175,51,1163
21780,1163,2,185000,90,1674
10708,1617,1,190000,54,1867
17920,1763,2,170000,51,1779
8532,1297,2,153000,55,1297
12150,1050,1,131500,54,1795
7800,1268,1,132000,56,1268
10215,864,1,111000,53,948
9920,1056,1,128000,56,1063
10800,641,1,100000,122,1047
8910,655,2,159500,47,1194
7585,810,1,91500,58,1456
6000,811,1,93000,55,1387
6000,901,1,107900,54,901
9000,936,1,118000,52,1128
21750,988,2,113000,54,988
9525,994,1,136900,52,1855
11425,1008,1,137000,52,1008
9250,1056,1,139400,53,1056
53227,1364,2,256000,54,1663
11310,1367,2,140000,52,1375
13284,1383,1,165000,54,1383
39104,1385,2,241500,54,1363
9600,1416,2,167000,56,1644
10452,1094,2,155000,55,1094
21000,1809,2,217000,54,2259
5825,600,2,79900,80,747
12160,1505,2,149500,56,1505
15750,1165,1,157000,53,1336
8892,105,2,116000,55,910
10634,608,1,123000,56,1319
7677,773,1,110000,55,773
8923,1008,1,134500,54,1008
7922,1057,1,109000,57,1057
15593,1304,2,225000,53,2287
7596,960,2,124500,57,1960
8712,540,2,55993,58,1044
6420,980,1,123500,54,1148
7758,1040,1,169500,76,1818
14559,1008,1,164900,58,1363
10680,2136,2,137900,55,2136
7200,803,1,125500,68,1360
8877,836,2,102000,55,1220
19138,864,2,141000,59,864
7015,709,1,110000,59,1203
7200,0,2,98300,58,1048
7200,0,2,109900,56,1040
7200,0,2,109500,56,1040
5310,485,1,117000,96,1635
11767,560,1,112000,97,1346
8400,721,1,82000,59,841
9600,735,2,129500,91,2058
9000,784,2,76000,81,784
10800,796,2,170000,70,1466
9600,856,1,140000,59,1668
7200,876,1,119000,57,988
13710,910,1,152000,57,1558
8280,932,1,124000,57,932
5000,1004,2,159000,59,1664
9600,1032,1,119000,58,1252
8737,1065,2,210000,84,1635
9717,1078,1,142125,60,1078
14000,1092,1,158500,59,1152
9600,1113,1,147000,59,1113
10880,1164,1,125000,58,1164
12615,1202,2,243000,57,2158
7200,1208,1,138000,59,1904
11700,1240,4,265979,129,2640
8544,0,2,87500,57,1040
10496,1040,1,143000,58,1846
8544,0,2,93500,56,1040
8741,735,1,113000,65,1487
11409,768,1,131000,60,1716
12144,832,1,133000,60,1036
12665,876,3,153900,93,1416
6270,1001,3,145000,58,2002
11345,928,2,137000,59,1920
11664,1082,1,119200,59,1082
8635,672,1,127000,60,1285
21286,720,1,135000,60,1271
3500,720,1,110000,62,1284
6000,789,1,115000,60,789
7800,896,1,225000,58,2008
17503,912,1,97500,62,1458
12000,924,2,147000,60,1122
8000,972,1,132000,61,972
8100,1559,2,153500,59,1559
3378,651,1,135000,63,1389
8480,832,1,118500,61,1216
7136,979,2,145000,61,1958
11100,0,1,84900,64,930
4712,747,1,121600,60,1230
11767,768,1,130500,62,1200
8405,0,1,98000,64,1529
13600,662,2,90000,107,2337
4608,747,1,80000,65,747
7259,1028,1,259500,62,2320
9480,728,1,146500,65,1644
7500,771,1,177500,67,1494
9084,616,1,95000,67,1111
9340,672,1,113000,68,672
12180,672,1,80000,69,924
5720,676,1,66500,68,1131
12000,704,1,174500,68,1564
5000,720,2,87000,66,803
9492,768,1,105000,66,1376
9490,806,1,133000,65,1578
7128,918,1,164000,66,1646
9042,1152,1,266500,69,2340
7200,788,1,119000,70,804
5000,540,1,79000,106,1440
10200,672,1,108000,68,672
9906,686,1,107000,81,1328
9600,728,1,160000,69,1308
10134,735,1,109000,67,1034
9084,755,1,108000,69,1510
8160,756,1,126000,67,1134
13515,764,2,180500,88,1824
9900,778,1,139500,69,1489
13125,800,1,219500,67,1740
9144,883,1,145000,68,1505
8400,940,1,140000,66,1595
24090,1032,1,244400,70,2403
15660,798,2,311500,69,1954
7200,731,1,175000,70,1768
9060,560,1,105000,70,1258
11988,715,1,188700,74,1660
8400,720,1,179500,69,1772
6000,780,1,132500,70,1412
7800,793,2,119900,67,1118
6435,972,1,140200,67,1577
7420,991,1,118000,69,1077
5784,190,1,91300,71,886
8212,864,1,58500,96,864
6305,920,1,119750,69,954
9000,636,1,124000,126,1750
8600,780,1,119500,69,1376
6000,672,1,128000,73,1324
6240,896,1,115000,70,1344
8765,951,1,106500,70,951
11500,1017,1,250000,70,2057
10480,1064,1,115000,72,1166
7200,530,1,101000,87,1111
6120,884,1,133000,74,1573
8520,968,2,100000,84,968
13728,1127,2,235000,73,2108
12155,672,1,140000,83,1482
12168,965,2,359100,73,3194
6120,939,1,137500,87,1513
5684,813,1,110000,76,813
10570,853,2,315000,75,2727
16560,952,2,239000,74,2345
6120,715,1,105000,78,875
7200,776,1,149000,77,1502
11435,792,2,230000,77,1517
6120,952,2,129900,77,1774
8400,290,1,60000,89,438
7449,637,1,139400,77,1108
9000,650,2,143000,89,1482
6629,672,1,103600,84,1369
3600,684,1,114504,96,1368
11888,844,2,214500,93,2134
9900,1008,1,117500,127,2210
6240,1078,2,162900,78,1573
6000,862,1,120000,79,1158
7558,896,2,177000,81,1913
10800,656,1,64500,80,968
9600,689,2,161000,80,1378
6292,861,1,145000,81,1477
6240,1042,1,149000,78,1576
8960,1008,2,115000,83,1028
10594,768,1,96500,81,789
3950,818,1,115000,83,1224
6000,884,1,119000,83,904
6180,960,1,102000,81,986
5400,1149,1,152000,81,1616
10918,1276,1,234000,83,2080
5100,588,1,161000,83,1666
9600,702,1,125000,82,1472
9600,728,2,178000,81,1641
6120,768,1,88000,81,1015
6292,768,1,91000,78,790
7642,912,1,189950,89,1426
17671,916,2,168000,127,1742
6171,976,1,137450,84,1608
9120,1026,1,184000,83,1820
8400,1181,2,136500,83,1694
7000,617,1,112000,82,1310
9022,768,1,109500,85,792
5000,1026,1,127000,86,1691
10592,602,1,165000,84,1502
11340,1200,1,125000,83,1200
21384,1324,2,223500,86,1576
11600,700,1,137500,84,1180
5436,796,1,125500,88,1154
13053,833,2,207000,85,1848
6380,993,1,113000,84,1048
9786,1007,1,91000,84,1077
6000,616,1,89000,85,616
7681,731,1,154900,88,1343
13360,876,2,163500,88,964
10625,458,1,83000,90,835
6324,520,1,68500,81,520
6402,596,1,78000,89,1192
6155,611,2,128000,88,1362
8500,649,1,40000,88,1317
5400,691,1,86000,87,691
12513,715,1,104900,89,1738
7588,793,1,200100,86,1802
6858,806,1,128000,95,1647
8967,961,1,67000,87,1077
10615,978,2,95000,109,1699
8263,1012,1,118400,87,1012
9600,1095,3,87000,106,1774
10440,1510,2,256000,88,2792
25419,1360,2,235000,88,2720
22420,1370,3,239000,89,2624
4571,624,3,98000,92,1344
10410,660,1,135000,93,1512
8520,714,1,136000,91,2526
8850,815,1,144000,90,1690
8854,952,1,121000,93,952
5790,840,1,107400,95,1605
2500,910,1,155000,94,1826
13132,747,1,138887,92,1784
10800,880,2,163000,92,1768
9600,264,2,132000,97,1432
8100,849,2,106000,111,2138
9142,1020,1,137000,96,1928
45600,907,2,240000,100,2358
10320,756,1,135000,102,1469
7200,1214,2,133900,97,2291
